Category,Quantity,Vendor,Product Name,Product Size,expiry_date,reference_id,Lot_Number,Barcode,ref_id_lot_number_expiry_date
,1,Boston Scientific,OptiCross 18 30MHz Peripheral Imaging Catheter (018),3.6F-135cm,03-03-2025,H7493932800180,31164303,0108714729904366172503031031164303,H7493932800180***31164303***03-03-2025
,1,Boston Scientific,OptiCross 18 30MHz Peripheral Imaging Catheter (018),3.6F-135cm,03-03-2025,H7493932800180,31166618,0108714729904366172503031031166618,H7493932800180***31166618***03-03-2025
,12,Boston Scientific,OptiCross 18 30MHz Peripheral Imaging Catheter (018),3.6F-135cm,12-21-2024,H7493932800180,30756414,0108714729904366172412211030756414,H7493932800180***30756414***12-21-2024
,7,Boston Scientific,OptiCross 18 30MHz Peripheral Imaging Catheter (018),3.6F-135cm,11-21-2024,H7493932800180,30581706,0108714729904366172411211030581706,H7493932800180***30581706***11-21-2024
,8,Boston Scientific,OptiCross 18 30MHz Peripheral Imaging Catheter (018),3.6F-135cm,11-21-2024,H7493932800180,30587125,0108714729904366172411211030587125,H7493932800180***30587125***11-21-2024
,1,Boston Scientific,OptiCross 18 30MHz Peripheral Imaging Catheter (018),3.6F-135cm,11-21-2024,H7493932800180,30587126,0108714729904366172411211030587126,H7493932800180***30587126***11-21-2024
,8,Boston Scientific,OptiCross 18 30MHz Peripheral Imaging Catheter (018),3.6F-135cm,11-21-2024,H7493932800180,30583449,0108714729904366172411211030583449,H7493932800180***30583449***11-21-2024
,7,Boston Scientific,OptiCross 35 15MHz Peripheral Imaging Catheter (OTW),8F-105cm,02-14-2025,H7493932800350,31788072,0108714729984542172502141031788072,H7493932800350***31788072***02-14-2025
Atherectomy Devices,21,Boston Scientific,Jetstream XC Atherectomy Catheter (OTW),2.1/3.0mm-7F-135cm,01-15-2025,PV31300,31056237,0108714729889892172501151031056237,PV31300***31056237***01-15-2025
Atherectomy Devices,4,Boston Scientific,Jetstream XC Atherectomy Catheter (OTW),2.1/3.0mm-7F-135cm,06-18-2024,PV31300,29789192,0108714729889892172406181029789192,PV31300***29789192***06-18-2024
Atherectomy Devices,1,Boston Scientific,Jetstream XC Atherectomy Catheter (OTW),2.1/3.0mm-7F-135cm,02-27-2024,PV31300,29126883,0108714729889892172402271029126883,PV31300***29126883***02-27-2024
Atherectomy Devices,7,Boston Scientific,Peripheral RotaLink Plus Pre-Connected Exchangeable Burr Catheter and Burr Advancing Device,1.50mm,01-15-2025,M0011401500,30857296,0108714729838906172501151030857296,M0011401500***30857296***01-15-2025
Atherectomy Devices,5,Boston Scientific,Peripheral RotaLink Plus Pre-Connected Exchangeable Burr Catheter and Burr Advancing Device,1.50mm,01-15-2025,M0011401500,30857295,0108714729838906172501151030857295,M0011401500***30857295***01-15-2025
Wires / Wire Guides,11,Boston Scientific,Peripheral RotaWire and wireClip Torquer (Extra Support) Guidewire and Guidewire Manipulation Device,0.009in-330cm,11-21-2024,M0011373321,30584072,0108714729838890172411211030584072,M0011373321***30584072***11-21-2024
Stents,2,Boston Scientific,Venous WALLSTENT (Self-Expanding Stent),20mm-80mm-75cm,01-25-2025,H74912044208070,30925389,0108714729979647172501251030925389,H74912044208070***30925389***01-25-2025
Stents,1,Boston Scientific,Venous WALLSTENT (Self-Expanding Stent),18mm-90mm-75cm,03-22-2025,H74912044189070,31288016,0108714729979616172503221031288016,H74912044189070***31288016***03-22-2025
Atherectomy Devices,2,Medtronic/ev3,TurboHawk Plus Directional Atherectomy System (M = Multi-vessel) Made for use with Ref# FG02550,6Fr-0.014in-5.9cm,08-15-2025,THP-M,0011359040,010076300040239617250815100011359040,THP-M***11359040***08-15-2025
Atherectomy Devices,1,Medtronic/ev3,TurboHawk Plus Directional Atherectomy System (M = Multi-vessel) Made for use with Ref# FG02550,6Fr-0.014in-5.9cm,08-24-2025,THP-M,0011371933,010076300040239617250824100011371933,THP-M***11371933***08-24-2025
Miscellaneous,2,Medtronic/ev3,Cutter Driver,-,07-19-2025,FG02550,0011321816,010076300040243317250719100011321816,FG02550***11321816***07-19-2025
Miscellaneous,2,Medtronic/ev3,Cutter Driver,-,08-24-2025,FG02550,0011372076,010076300040243317250824100011372076,FG02550***11372076***08-24-2025
Balloons,1,BARD,ULTRAVERSE 014 PTA Balloon Dialation Catheter,4F-1.5mm-120mm,03-31-2025,U41501H12,CMGR0283,1725033110CMGR0283,U41501H12***CMGR0283***03-31-2025
Balloons,1,BARD,ULTRAVERSE 014 PTA Balloon Dialation Catheter,4F-2mm-20mm,09-30-2023,U415022,CMEX0393,1723093010CMEX0393,U415022***CMEX0393***09-30-2023
Balloons,1,BARD,ULTRAVERSE 014 PTA Balloon Dialation Catheter,4F-2mm-40mm,09-30-2023,U415024,CMEX0392,1723093010CMEX0392,U415024***CMEX0392***09-30-2023
Balloons,1,BARD,ULTRAVERSE 014 PTA Balloon Dialation Catheter,4F-2mm-300mm,12-31-2023,U4150230,CMFN0198,1723123110CMFN0198,U4150230***CMFN0198***12-31-2023
Balloons,1,BARD,ULTRAVERSE 014 PTA Balloon Dialation Catheter,4F-2.5mm-40mm,09-30-2023,U41502H4,CMEX0534,1723093010CMEX0534,U41502H4***CMEX0534***09-30-2023
Balloons,1,BARD,ULTRAVERSE 014 PTA Balloon Dialation Catheter,4F-3mm-40mm,10-31-2023,U415034,CMEY0219,1723103110CMEY0219,U415034***CMEY0219***10-31-2023
Balloons,1,BARD,ULTRAVERSE 014 PTA Balloon Dialation Catheter,4F-3mm-220mm,10-31-2023,U4150322,CMEY0137,1723103110CMEY0137,U4150322***CMEY0137***10-31-2023
Balloons,1,BARD,ULTRAVERSE 014 PTA Balloon Dialation Catheter,4F-3.5mm-20mm,11-30-2024,U41503H2,CMFZ0434,1724113010CMFZ0434,U41503H2***CMFZ0434***11-30-2024
Balloons,1,BARD,ULTRAVERSE 014 PTA Balloon Dialation Catheter,4F-3.5mm-220mm,12-31-2024,U41503H22,CMGN0291,1724123110CMGN0291,U41503H22***CMGN0291***12-31-2024
Balloons,1,BARD,ULTRAVERSE 014 PTA Balloon Dialation Catheter,4F-4mm-40mm,01-31-2025,U415044,CMGP0437,1725013110CMGP0437,U415044***CMGP0437***01-31-2025
Balloons,1,BARD,ULTRAVERSE 014 PTA Balloon Dialation Catheter,5F-4mm-300mm,06-30-2025,U4150430,CMGU0132,1725063010CMGU0132,U4150430***CMGU0132***06-30-2025
Balloons,2,BARD,ULTRAVERSE 035 PTA Dialatation Catheter (OTW),5F-5mm-60mm,05-31-2026,U3513056,CMHT0202,1726053110CMHT0202,U3513056***CMHT0202***05-31-2026
Balloons,2,BARD,ULTRAVERSE 035 PTA Dialatation Catheter (OTW),5F-5mm-80mm,04-30-2026,U3513058,CMHS0217,1726043010CMHS0217,U3513058***CMHS0217***04-30-2026
Balloons,2,BARD,ULTRAVERSE 035 PTA Dialatation Catheter (OTW),5F-5mm-200mm,10-31-2025,U35130520,CMGY0459,1725103110CMGY0459,U35130520***CMGY0459***10-31-2025
Balloons,1,BARD,ULTRAVERSE 035 PTA Dialatation Catheter (OTW),5F-6mm-60mm,02-28-2026,U3513066,CMHQ0327,1726022810CMHQ0327,U3513066***CMHQ0327***02-28-2026
Balloons,1,BARD,ULTRAVERSE 035 PTA Dialatation Catheter (OTW),5F-6mm-80mm,10-31-2025,U3513068,CMGY0179,1725103110CMGY0179,U3513068***CMGY0179***10-31-2025
Balloons,2,BARD,ULTRAVERSE 035 PTA Dialatation Catheter (OTW),5F-6mm-200mm,02-28-2026,U35130620,CMHQ0304,1726022810CMHQ0304,U35130620***CMHQ0304***02-28-2026
Balloons,2,BARD,ULTRAVERSE 035 PTA Dialatation Catheter (OTW),5F-7mm-40mm,02-28-2026,U3513074,CMHQ0543,1726022810CMHQ0543,U3513074***CMHQ0543***02-28-2026
Balloons,2,BARD,ULTRAVERSE 035 PTA Dialatation Catheter (OTW),5F-7mm-80mm,09-30-2025,U3513078,CMGX0516,1725093010CMGX0516,U3513078***CMGX0516***09-30-2025
Stents,2,BARD,LIFESTENT XL Vascular Stent System,6F-0.035in-6mm-170mm,01-13-2025,EX061703CS,ANHN0745,1725011310ANHN0745,EX061703CS***ANHN0745***01-13-2025
Stents,1,BARD,LIFESTENT Vascular & Biliary Stent System,6F-0.035in-7mm-80mm,07-08-2024,EX070803CS,ANGU1064,1724070810ANGU1064,EX070803CS***ANGU1064***07-08-2024
Stents,1,BARD,VENOVO Venous Stent System,9F-0.035in-14mm-80mm,08-22-2024,VENUM14080,ANGV2586,01008017411034381724082210ANGV2586,VENUM14080***ANGV2586***08-22-2024
Stents,1,BARD,VENOVO Venous Stent System,9F-0.035in-14mm-100mm,08-22-2024,VENUM14100,ANGV2587,01008017411034451724082210ANGV2587,VENUM14100***ANGV2587***08-22-2024
Stents,2,BARD,VENOVO Venous Stent System,10F-0.035in-16mm-60mm,08-04-2024,VENUM16060,ANGV0374,01008017411035681724080410ANGV0374,VENUM16060***ANGV0374***08-04-2024
Stents,2,BARD,VENOVO Venous Stent System,10F-0.035in-16mm-80mm,08-05-2024,VENUM16080,ANGV0567,01008017411035751724080510ANGV0567,VENUM16080***ANGV0567***08-05-2024
Stents,1,BARD,VENOVO Venous Stent System,10F-0.035in-16mm-80mm,08-04-2024,VENUM16080,ANGV0375,01008017411035751724080410ANGV0375,VENUM16080***ANGV0375***08-04-2024
Stents,1,BARD,VENOVO Venous Stent System,10F-0.035in-16mm-100mm,06-17-2024,VENUM16100,ANGT1429,01008017411035821724061710ANGT1429,VENUM16100***ANGT1429***06-17-2024
Stents,1,BARD,VENOVO Venous Stent System,10F-0.035in-16mm-100mm,10-14-2024,VENUM16100,ANGX1762,01008017411035821724101410ANGX1762,VENUM16100***ANGX1762***10-14-2024
Stents,2,BARD,VENOVO Venous Stent System,10F-0.035in-16mm-100mm,11-14-2024,VENUM16100,ANGY1326,01008017411035821724111410ANGY1326,VENUM16100***ANGY1326***11-14-2024
Stents,1,BARD,VENOVO Venous Stent System,10F-0.035in-18mm-80mm,08-05-2024,VENUM18080,ANGV0574,01008017411037111724080510ANGV0574,VENUM18080***ANGV0574***08-05-2024
Wires / Wire Guides,1,Medtronic/ev3,NITREX Guidewire (Angeled Intermediate),0.014in-300cm-5cm,02-01-2026,N143001,7954153,010076300018536717260201107954153,N143001***7954153***02-01-2026
Stents,2,BARD,LIFESTENT Vascular Stent System,5F-(0.014-0.035in)-6mm-60mm,04-14-2026,5F060603CS,ANHR1163,01008017411201691726041410ANHR1163,5F060603CS***ANHR1163***04-14-2026
Stents,2,BARD,LIFESTENT Vascular Stent System,5F-(0.014-0.035in)-6mm-80mm,05-05-2026,5F060803CS,ANHS0891,01008017411201761726050510ANHS0891,5F060803CS***ANHS0891***05-05-2026
Stents,3,BARD,LIFESTENT Vascular Stent System,5F-(0.014-0.035in)-6mm-100m,04-14-2026,5F061003CS,ANHR1161,01008017411201831726041410ANHR1161,5F061003CS***ANHR1161***04-14-2026
Stents,1,BARD,LIFESTENT Vascular Stent System,5F-(0.014-0.035in)-7mm-60mm,06-09-2025,5F070601CS,ANGT0827,01008017411202511725060910ANGT0827,5F070601CS***ANGT0827***06-09-2025
Stents,1,BARD,LIFESTENT Vascular Stent System,5F-(0.014-0.035in)-7mm-100mm,06-09-2025,5F071001CS,ANGT0815,01008017411202751725060910ANGT0815,5F071001CS***ANGT0815***06-09-2025
Stents,1,Medtronic/ev3,EverFlex Self-Expanding Peripheral Stent System + Protege EverFlex Self-Expanding Biliary Stent System (OTW),6F-6mm-80mm,02-10-2025,PRB35-06-080-120,B337262,01008216840599201725021010B337262,PRB35-06-080-120***B337262***02-10-2025
Stents,1,Medtronic/ev3,EverFlex Self-Expanding Peripheral Stent System + Protege EverFlex Self-Expanding Biliary Stent System (OTW),6F-6mm-100mm,10-13-2025,PRB35-06-100-120,B462440,01008216840599441725101310B462440,PRB35-06-100-120***B462440***10-13-2025
Stents,1,Medtronic/ev3,EverFlex Self-Expanding Peripheral Stent System + Protege EverFlex Self-Expanding Biliary Stent System (OTW),6F-6mm-120mm,02-17-2025,PRB35-06-120-120,B341101,01008216840599681725021710B341101,PRB35-06-120-120***B341101***02-17-2025
Stents,1,Medtronic/ev3,EverFlex Self-Expanding Peripheral Stent System + Protege EverFlex Self-Expanding Biliary Stent System (OTW),6F-6mm-150mm,03-08-2025,PRB35-06-150-120,B350280,01008216840599821725030810B350280,PRB35-06-150-120***B350280***03-08-2025
Stents,2,Medtronic/ev3,EverFlex Self-Expanding Peripheral Stent System + Protege EverFlex Self-Expanding Biliary Stent System (OTW),6F-7mm-40mm,02-15-2025,PRB35-07-040-120,B339915,01008216840600561725021510B339915,PRB35-07-040-120***B339915***02-15-2025
Stents,1,Medtronic/ev3,EverFlex Self-Expanding Peripheral Stent System + Protege EverFlex Self-Expanding Biliary Stent System (OTW),6F-7mm-60mm,01-21-2025,PRB35-07-060-120,B326486,01008216840600701725012110B326486,PRB35-07-060-120***B326486***01-21-2025
Stents,1,Medtronic/ev3,EverFlex Self-Expanding Peripheral Stent System + Protege EverFlex Self-Expanding Biliary Stent System (OTW),6F-7mm-80-mm,07-27-2024,PRB35-07-080-120,B241076,01008216840600941724072710B241076,PRB35-07-080-120***B241076***07-27-2024
Stents,1,Medtronic/ev3,EverFlex Self-Expanding Peripheral Stent System + Protege EverFlex Self-Expanding Biliary Stent System (OTW),6F-7mm-80mm,09-15-2024,PRB35-07-080-120,B266507,01008216840600941724091510B266507,PRB35-07-080-120***B266507***09-15-2024
Stents,1,Medtronic/ev3,EverFlex Self-Expanding Peripheral Stent System + Protege EverFlex Self-Expanding Biliary Stent System (OTW),6F-7mm-100mm,01-11-2025,PRB35-07-100-120,B321914,01008216840601171725011110B321914,PRB35-07-100-120***B321914***01-11-2025
Stents,1,Medtronic/ev3,EverFlex Self-Expanding Peripheral Stent System + Protege EverFlex Self-Expanding Biliary Stent System (OTW),6F-7mm-120mm,02-16-2025,PRB35-07-120-120,B340378,01008216840601311725021610B340378,PRB35-07-120-120***B340378***02-16-2025
Stents,1,Medtronic/ev3,EverFlex Self-Expanding Peripheral Stent System + Protege EverFlex Self-Expanding Biliary Stent System (OTW),6F-7mm-150mm,03-02-2025,PRB35-07-150-120,B347502,01008216840601551725030210B347502,PRB35-07-150-120***B347502***03-02-2025
Stents,2,Medtronic/ev3,EverFlex Self-Expanding Peripheral Stent System + Protege EverFlex Self-Expanding Biliary Stent System (OTW),6F-8mm-40mm,02-16-2025,PRB35-08-040-120,B340394,01008216840602231725021610B340394,PRB35-08-040-120***B340394***02-16-2025
Stents,2,Medtronic/ev3,EverFlex Self-Expanding Peripheral Stent System + Protege EverFlex Self-Expanding Biliary Stent System (OTW),6F-8mm-60mm,01-23-2025,PRB35-08-060-120,B327592,01008216840602471725012310B327592,PRB35-08-060-120***B327592***01-23-2025
Stents,2,Medtronic/ev3,EverFlex Self-Expanding Peripheral Stent System + Protege EverFlex Self-Expanding Biliary Stent System (OTW),6F-8mm-80mm,02-17-2025,PRB35-08-080-120,B341012,01008216840602611725021710B341012,PRB35-08-080-120***B341012***02-17-2025
Stents,1,Medtronic/ev3,EverFlex Self-Expanding Peripheral Stent System + Protege EverFlex Self-Expanding Biliary Stent System (OTW),6F-8mm-100mm,02-06-2025,PRB35-08-100-120,B334429,01008216840602851725020610B334429,PRB35-08-100-120***B334429***02-06-2025
Stents,2,Medtronic/ev3,EverFlex Self-Expanding Peripheral Stent System + Protege EverFlex Self-Expanding Biliary Stent System (OTW),6F-8mm-100mm,03-08-2025,PRB35-08-100-120,B350685,01008216840602851725030810B350685,PRB35-08-100-120***B350685***03-08-2025
Stents,1,Medtronic/ev3,Protege GPS (OTW) Self-Expanding Nitinol Stent System,9mm-40mm-6F,02-13-2025,SERB65-09-40-120,B338372,01006431697289431725021310B338372,SERB65-09-40-120***B338372***02-13-2025
Stents,1,Medtronic/ev3,Protege GPS (OTW) Self-Expanding Nitinol Stent System,9mm-40mm-6F,08-29-2025,SERB65-09-40-120,B439245,01006431697289431725082910B439245,SERB65-09-40-120***B439245***08-29-2025
Stents,2,Medtronic/ev3,Protege GPS (OTW) Self-Expanding Nitinol Stent System,9mm-60mm-6F,02-07-2025,SERB65-09-60-120,B335163,01006431697289671725020710B335163,SERB65-09-60-120***B335163***02-07-2025
Stents,2,Medtronic/ev3,Protege GPS (OTW) Self-Expanding Nitinol Stent System,9mm-80mm-6F,02-02-2025,SERB65-09-80-120,B332759,01006431697289811725020210B332759,SERB65-09-80-120***B332759***02-02-2025
Stents,2,Medtronic/ev3,Protege GPS (OTW) Self-Expanding Nitinol Stent System,10mm-40mm-6F,02-11-2025,SERB65-10-40-120,B337652,01006431697290491725021110B337652,SERB65-10-40-120***B337652***02-11-2025
Stents,2,Medtronic/ev3,Protege GPS (OTW) Self-Expanding Nitinol Stent System,10mm-60mm-6F,03-15-2025,SERB65-10-60-120,B353990,01006431697290631725031510B353990,SERB65-10-60-120***B353990***03-15-2025
Stents,2,Medtronic/ev3,Protege GPS (OTW) Self-Expanding Nitinol Stent System,10mm-80mm-6F,02-20-2025,SERB65-10-80-120,B341844,01006431697290871725022010B341844,SERB65-10-80-120***B341844***02-20-2025
Balloons,1,Boston Scientific,Sterling (Monorail) PTA Balloon Dilatation Catheter 4F (018),2mm-40mm-150cm,02-07-2025,H74939031204010,28826054,0108714729859086172502071028826054,H74939031204010***28826054***02-07-2025
Balloons,1,Boston Scientific,Sterling (Monorail) PTA Balloon Dilatation Catheter 4F (018),2mm-60mm-150cm,03-31-2025,H74939031206010,29153562,0108714729859109172503311029153562,H74939031206010***29153562***03-31-2025
Balloons,1,Boston Scientific,Sterling (Monorail) PTA Balloon Dilatation Catheter 4F (018),2.5mm-40mm-150cm,01-09-2025,H74939031254010,28656228,0108714729859161172501091028656228,H74939031254010***28656228***01-09-2025
Balloons,1,Boston Scientific,Sterling (Monorail) PTA Balloon Dilatation Catheter 4F (018),2.5mm-60mm-150cm,02-02-2025,H74939031256010,28803125,0108714729859185172502021028803125,H74939031256010***28803125***02-02-2025
Balloons,1,Boston Scientific,Sterling (Monorail) PTA Balloon Dilatation Catheter 4F (018),4mm-40mm-135cm,04-06-2025,H74939031404010,29190329,0108714729756996172504061029190329,H74939031404010***29190329***04-06-2025
Balloons,1,Boston Scientific,Sterling (Monorail) PTA Balloon Dilatation Catheter 4F (018),4mm-60mm-135cm,12-19-2024,H74939031406010,28590231,0108714729757016172412191028590231,H74939031406010***28590231***12-19-2024
Balloons,1,Boston Scientific,Sterling (OTW) PTA Balloon Dilatation Catheter 4F-5F-6F (018),4F-2mm-220mm-150cm,03-07-2025,H74939032202210,29002468,0108714729859970172503071029002468,H74939032202210***29002468***03-07-2025
Balloons,1,Boston Scientific,Sterling (OTW) PTA Balloon Dilatation Catheter 4F-5F-6F (018),4F-2.5mm-220mm-150cm,03-03-2025,H74939032252210,28983042,0108714729860075172503031028983042,H74939032252210***28983042***03-03-2025
Balloons,1,Boston Scientific,Sterling (OTW) PTA Balloon Dilatation Catheter 4F-5F-6F (018),4F-3mm-40mm-150cm,03-01-2025,H74939032300410,28966525,0108714729860136172503011028966525,H74939032300410***28966525***03-01-2025
Balloons,1,Boston Scientific,Sterling (OTW) PTA Balloon Dilatation Catheter 4F-5F-6F (018),4F-3mm-60mm-150cm,02-28-2025,H74939032300610,28960951,0108714729860150172502281028960951,H74939032300610***28960951***02-28-2025
Balloons,1,Boston Scientific,Sterling (OTW) PTA Balloon Dilatation Catheter 4F-5F-6F (018),4F-3mm-220mm-150cm,03-02-2025,H74939032302210,28975108,0108714729860174172503021028975108,H74939032302210***28975108***03-02-2025
Balloons,1,Boston Scientific,Sterling (OTW) PTA Balloon Dilatation Catheter 4F-5F-6F (018),4F-3.5mm-40mm-150cm,03-01-2025,H74939032350410,28966531,0108714729860235172503011028966531,H74939032350410***28966531***03-01-2025
Balloons,1,Boston Scientific,Sterling (OTW) PTA Balloon Dilatation Catheter 4F-5F-6F (018),4F-3.5mm-60mm-150cm,02-06-2025,H74939032350610,28817212,0108714729860259172502061028817212,H74939032350610***28817212***02-06-2025
Balloons,1,Boston Scientific,Sterling (OTW) PTA Balloon Dilatation Catheter 4F-5F-6F (018),4F-3.5mm-220mm-150cm,02-16-2025,H74939032352210,28892581,0108714729860273172502161028892581,H74939032352210***28892581***02-16-2025
Balloons,1,Boston Scientific,Sterling (OTW) PTA Balloon Dilatation Catheter 4F-5F-6F (018),4F-4mm-80mm-135cm,02-21-2025,H74939032408010,28920177,0108714729123668172502211028920177,H74939032408010***28920177***02-21-2025
Balloons,1,Boston Scientific,Sterling (OTW) PTA Balloon Dilatation Catheter 4F-5F-6F (018),4F-4mm-100mm-135cm,09-20-2025,H74939032401010,30192244,0108714729123507172509201030192244,H74939032401010***30192244***09-20-2025
Balloons,1,Boston Scientific,Sterling (OTW) PTA Balloon Dilatation Catheter 4F-5F-6F (018),4F-4mm-220mm-150cm,03-07-2025,H74939032402210,29002474,0108714729860310172503071029002474,H74939032402210***29002474***03-07-2025
Balloons,1,Boston Scientific,Sterling (OTW) PTA Balloon Dilatation Catheter 4F-5F-6F (018),4F-5mm-40mm-135cm,03-02-2025,H74939032504010,28975102,0108714729122906172503021028975102,H74939032504010***28975102***03-02-2025
Balloons,1,Boston Scientific,Sterling (OTW) PTA Balloon Dilatation Catheter 4F-5F-6F (018),4F-5mm-60mm-135cm,02-28-2025,H74939032506010,28964462,0108714729122937172502281028964462,H74939032506010***28964462***02-28-2025
Balloons,1,Boston Scientific,Sterling (OTW) PTA Balloon Dilatation Catheter 4F-5F-6F (018),4F-5mm-80mm-135cm,03-06-2025,H74939032508010,28993821,0108714729122951172503061028993821,H74939032508010***28993821***03-06-2025
Balloons,1,Boston Scientific,Sterling (OTW) PTA Balloon Dilatation Catheter 4F-5F-6F (018),5F-5mm-150mm-150cm,03-01-2025,H74939032501510,28966537,0108714729845362172503011028966537,H74939032501510***28966537***03-01-2025
Balloons,1,Boston Scientific,Sterling (OTW) PTA Balloon Dilatation Catheter 4F-5F-6F (018),5F-5mm-200mm-150cm,03-03-2025,H74939032502110,28983058,0108714729845393172503031028983058,H74939032502110***28983058***03-03-2025
Balloons,1,Boston Scientific,Sterling (OTW) PTA Balloon Dilatation Catheter 4F-5F-6F (018),4F-6mm-40mm-135cm,03-02-2025,H74939032604010,28975104,0108714729122784172503021028975104,H74939032604010***28975104***03-02-2025
Balloons,1,Boston Scientific,Sterling (OTW) PTA Balloon Dilatation Catheter 4F-5F-6F (018),4F-6mm-60mm-135cm,03-08-2025,H74939032606010,29010312,0108714729123804172503081029010312,H74939032606010***29010312***03-08-2025
Balloons,1,Boston Scientific,Sterling (OTW) PTA Balloon Dilatation Catheter 4F-5F-6F (018),5F-6mm-80mm-135cm,03-01-2025,H74939032608010,28966551,0108714729123828172503011028966551,H74939032608010***28966551***03-01-2025
Balloons,1,Boston Scientific,Sterling (OTW) PTA Balloon Dilatation Catheter 4F-5F-6F (018),5F-6mm-100mm-135cm,03-03-2025,H74939032601010,28983063,0108714729123682172503031028983063,H74939032601010***28983063***03-03-2025
Balloons,1,Boston Scientific,Sterling (OTW) PTA Balloon Dilatation Catheter 4F-5F-6F (018),5F-6mm-150mm-150cm,03-06-2025,H74939032601510,28993823,0108714729845447172503061028993823,H74939032601510***28993823***03-06-2025
Balloons,1,Boston Scientific,Sterling (OTW) PTA Balloon Dilatation Catheter 4F-5F-6F (018),5F-6mm-200mm-150cm,03-10-2025,H74939032602110,29026340,0108714729845478172503101029026340,H74939032602110***29026340***03-10-2025
Balloons,1,Boston Scientific,Sterling (OTW) PTA Balloon Dilatation Catheter 4F-5F-6F (018),4F-7mm-40mm-135cm,03-08-2025,H74939032704010,29010299,0108714729124078172503081029010299,H74939032704010***29010299***03-08-2025
Balloons,1,Boston Scientific,Sterling (OTW) PTA Balloon Dilatation Catheter 4F-5F-6F (018),5F-7mm-60mm-135cm,03-02-2025,H74939032706010,28975135,0108714729124115172503021028975135,H74939032706010***28975135***03-02-2025
Balloons,1,Boston Scientific,Sterling (OTW) PTA Balloon Dilatation Catheter 4F-5F-6F (018),6F-7mm-80mm-135cm,03-06-2025,H74939032708010,28993828,0108714729124139172503061028993828,H74939032708010***28993828***03-06-2025
Balloons,1,Boston Scientific,Sterling (OTW) PTA Balloon Dilatation Catheter 4F-5F-6F (018),6F-7mm-100mm-135cm,03-02-2025,H74939032701010,28975134,0108714729123972172503021028975134,H74939032701010***28975134***03-02-2025
Balloons,1,Boston Scientific,Sterling (OTW) PTA Balloon Dilatation Catheter 4F-5F-6F (018),5F-7mm-150mm-150cm,03-14-2025,H74939032701510,29045495,0108714729845522172503141029045495,H74939032701510***29045495***03-14-2025
Balloons,1,Boston Scientific,Sterling (OTW) PTA Balloon Dilatation Catheter 4F-5F-6F (018),5F-7mm-200mm-150cm,03-09-2025,H74939032702110,29018770,0108714729845553172503091029018770,H74939032702110***29018770***03-09-2025
Balloons,1,Boston Scientific,Sterling SL (Monorail) PTA Balloon Dilatation Catheter 4F (018),4F-2mm-80mm-150cm,01-11-2024,H74939147208010,28658665,0108714729782629172401111028658665,H74939147208010***28658665***01-11-2024
Balloons,1,Boston Scientific,Sterling SL (Monorail) PTA Balloon Dilatation Catheter 4F (018),4F-2mm-100mm-150cm,02-03-2024,H74939147201010,28803131,0108714729782599172402031028803131,H74939147201010***28803131***02-03-2024
Balloons,1,Boston Scientific,Sterling SL (Monorail) PTA Balloon Dilatation Catheter 4F (018),4F-2mm-150mm-150cm,02-03-2024,H74939147201510,28803132,0108714729782612172402031028803132,H74939147201510***28803132***02-03-2024
Balloons,1,Boston Scientific,Sterling SL (Monorail) PTA Balloon Dilatation Catheter 4F (018),4F-2.5mm-80mm-150cm,03-30-2024,H74939147258010,29142094,0108714729782667172403301029142094,H74939147258010***29142094***03-30-2024
Balloons,1,Boston Scientific,Sterling SL (Monorail) PTA Balloon Dilatation Catheter 4F (018),4F-2.5mm-100mm-150cm,04-03-2024,H74939147251010,29160650,0108714729782636172404031029160650,H74939147251010***29160650***04-03-2024
Balloons,1,Boston Scientific,Sterling SL (Monorail) PTA Balloon Dilatation Catheter 4F (018),4F-2.5mm-150mm-150cm,02-03-2024,H74939147251510,28803133,0108714729782650172402031028803133,H74939147251510***28803133***02-03-2024
Balloons,1,Boston Scientific,Sterling SL (Monorail) PTA Balloon Dilatation Catheter 4F (018),4F-3mm-80mm-150cm,03-10-2024,H74939147308010,29030239,0108714729782704172403101029030239,H74939147308010***29030239***03-10-2024
Balloons,1,Boston Scientific,Sterling SL (Monorail) PTA Balloon Dilatation Catheter 4F (018),4F-3mm-100mm-150cm,01-14-2024,H74939147301010,28681380,0108714729782674172401141028681380,H74939147301010***28681380***01-14-2024
Balloons,1,Boston Scientific,Sterling SL (Monorail) PTA Balloon Dilatation Catheter 4F (018),4F-3mm-150mm-150cm,04-10-2024,H74939147301510,29203918,0108714729782698172404101029203918,H74939147301510***29203918***04-10-2024
Balloons,1,Boston Scientific,Sterling SL (Monorail) PTA Balloon Dilatation Catheter 4F (018),4F-3.5mm-80mm-150cm,12-20-2023,H74939147358010,28590183,0108714729782742172312201028590183,H74939147358010***28590183***12-20-2023
Balloons,1,Boston Scientific,Sterling SL (Monorail) PTA Balloon Dilatation Catheter 4F (018),4F-3.5mm-100mm-150cm,02-03-2024,H74939147351010,28803134,0108714729782711172402031028803134,H74939147351010***28803134***02-03-2024
Balloons,1,Boston Scientific,Sterling SL (Monorail) PTA Balloon Dilatation Catheter 4F (018),4F-3.5mm-150mm-150cm,04-10-2024,H74939147351510,29203952,0108714729782735172404101029203952,H74939147351510***29203952***04-10-2024
Balloons,1,Boston Scientific,Sterling SL (OTW) PTA Balloon Dilatation Catheter 4F (018),4F-4mm-150mm-150cm,02-15-2024,H74939148401510,28874723,0108714729782384172402151028874723,H74939148401510***28874723***02-15-2024
Sheaths,16,Terumo,Pinnacle Introducer Sheath,4F,07-01-2024,RSS401,0000120489,17240701100000120489,RSS401***0000120489***07-01-2024
Sheaths,1,Terumo,Pinnacle Introducer Sheath,5F,07-01-2024,RSS501,0000143327,17240701100000143327,RSS501***0000143327***07-01-2024
Sheaths,10,Terumo,Pinnacle Introducer Sheath,6F,08-01-2024,RSS601,0000157350,17240801100000157350,RSS601***0000157350***08-01-2024
Sheaths,14,Terumo,Pinnacle Introducer Sheath,7F,07-01-2024,RSS701,0000150065,17240701100000150065,RSS701***0000150065***07-01-2024
Sheaths,18,Terumo,Pinnacle Introducer Sheath,8F,07-01-2024,RSS801,0000140990,17240701100000140990,RSS801***0000140990***07-01-2024
Sheaths,11,Terumo,Pinnacle Introducer Sheath,11F,09-01-2024,RSS101,0000162693,17240901100000162693,RSS101***0000162693***09-01-2024
Sheaths,4,Boston Scientific,Super Sheath,6F,10-31-2025,15-722B,22K08B7,0114543527181645172510311022K08B7,15-722B***22K08B7***10-31-2025
Sheaths,5,BARD,Halo One (Thin-Walled Guiding Sheath),5F,09-30-2025,HLO51035FH,CMGX0647,01108017411848471725093010CMGX0647,HLO51035FH***CMGX0647***09-30-2025
Stents,1,Boston Scientific,Epic Vascular (OTW) Self-Expanding Stent System (035),9mm-40mm-120cm,11-30-2026,H74939200094020,28481473,0108714729805786172611301028481473,H74939200094020***28481473***11-30-2026
Stents,1,Boston Scientific,Epic Vascular (OTW) Self-Expanding Stent System (035),9mm-60mm-120cm,02-03-2027,H74939200096020,28808138,0108714729805823172702031028808138,H74939200096020***28808138***02-03-2027
Stents,1,Boston Scientific,Epic Vascular (OTW) Self-Expanding Stent System (035),10mm-40mm-120cm,03-06-2027,H74939200104020,28998246,0108714729805007172703061028998246,H74939200104020***28998246***03-06-2027
Stents,1,Boston Scientific,Epic Vascular (OTW) Self-Expanding Stent System (035),10mm-60mm-120cm,07-01-2025,H74939200106020,26956037,0108714729805045172507011026956037,H74939200106020***26956037***07-01-2025
Stents,1,Boston Scientific,Epic Vascular (OTW) Self-Expanding Stent System (035),12mm-40mm-120cm,02-07-2027,H74939200124020,28826417,0108714729805144172702071028826417,H74939200124020***28826417***02-07-2027
Stents,1,Boston Scientific,Epic Vascular (OTW) Self-Expanding Stent System (035),12mm-60mm-120cm,02-24-2027,H74939200126020,28938899,0108714729805182172702241028938899,H74939200126020***28938899***02-24-2027
,4,COOK Medical,Beacon Tip - Torcon NB Advantage Catheter (VS1),5.0F-0.038in-80cm,04-26-2024,HNBR5.0-38-80-P-NS-VS1,14688112,0100827002111899172404261014688112,HNBR5.0-38-80-P-NS-VS1***14688112***04-26-2024
,10,COOK Medical,Beacon Tip - Torcon NB Advantage Catheter (RIM),5.0F-0.035in-65cm,07-12-2025,HNBR5.0-35-65-P-NS-RIM,15554427,0100827002084445172507121015554427,HNBR5.0-35-65-P-NS-RIM***15554427***07-12-2025
,2,COOK Medical,Royal Flush Plus High-Flow Catheter (PIG),5.0F-0.035in-70cm,04-28-2025,HN5.0-35-70-P-10S-PIG,14694833,0100827002047044172504281014694833,HN5.0-35-70-P-10S-PIG***14694833***04-28-2025
,5,COOK Medical,Royal Flush Plus High-Flow Catheter (PIG),5.0F-0.035in-70cm,05-05-2025,HN5.0-35-70-P-10S-PIG,14709451,0100827002047044172505051014709451,HN5.0-35-70-P-10S-PIG***14709451***05-05-2025
,1,COOK Medical,Flexor Check-Flo Introducer (Ansel Modification with High-Flex Dilator and Hydrophilic Coating),5.0F-0.035in-55cm,02-24-2025,KCFW-5.0-35-55-RB-HFANL0-HC,14556568,0100827002562301172502241014556568,KCFW-5.0-35-55-RB-HFANL0-HC***14556568***02-24-2025
,5,COOK Medical,Flexor Check-Flo Introducer (Ansel Modification with High-Flex Dilator and Hydrophilic Coating),5.0F-0.035in-55cm,08-04-2026,KCFW-5.0-35-55-RB-HFANL0-HC,15595020,0100827002562301172608041015595020,KCFW-5.0-35-55-RB-HFANL0-HC***15595020***08-04-2026
,1,COOK Medical,Beacon Tip - Torcon NB Advantage Catheter (MIK),5.0F-0.038in-80cm,03-09-2024,HNBR5.0-38-80-P-NS-MIK,14572183,0100827002093126172403091014572183,HNBR5.0-38-80-P-NS-MIK***14572183***03-09-2024
,5,COOK Medical,Beacon Tip - Torcon NB Advantage Catheter (KMP),5.0F-0.035in-65cm,07-25-2025,HNBR5.0-35-65-P-NS-KMP,15576100,0100827002114586172507251015576100,HNBR5.0-35-65-P-NS-KMP***15576100***07-25-2025
,3,COOK Medical,Flexor Check-Flo Introducer (Ansel 1 Modification with High-Flex Dilator and Hydrophilic Coating),6.0F-0.035in-55cm,02-23-2025,KCFW-6.0-35-55-RB-HFANL1-HC,14554295,0100827002562363172502231014554295,KCFW-6.0-35-55-RB-HFANL1-HC***14554295***02-23-2025
,1,COOK Medical,Beacon Tip - Torcon NB Advantage Catheter (DAV),5.0F-0.038in-100cm,03-09-2024,HNBR5.0-38-100-P-NS-DAV,14574492,0100827002085817172403091014574492,HNBR5.0-38-100-P-NS-DAV***14574492***03-09-2024
,4,COOK Medical,Beacon Tip - Torcon NB Advantage Catheter (C2),5.0F-0.035in-100cm,03-28-2024,HNBR5.0-35-100-P-NS-C2,14608512,0100827002087965172403281014608512,HNBR5.0-35-100-P-NS-C2***14608512***03-28-2024
,10,COOK Medical,Beacon Tip - Torcon NB Advantage Catheter (KMP),5.0F-0.038in-100cm,04-08-2024,HNBR5.0-38-100-P-NS-KMP,14656848,0100827002114579172404081014656848,HNBR5.0-38-100-P-NS-KMP***14656848***04-08-2024
,2,COOK Medical,Flexor Check-Flo Introducer (Ansel 1 Modification with High-Flex Dilator and Hydrophilic Coating),7.0F-0.035in-55cm,02-22-2025,KCFW-7.0-35-55-RB-HFANL1-HC,14551662,0100827002490437172502221014551662,KCFW-7.0-35-55-RB-HFANL1-HC***14551662***02-22-2025
,5,COOK Medical,Beacon Tip - Torcon NB Advantage Catheter (DAV),5.0F-0.035in-125cm,04-07-2024,HNBR5.0-35-125-P-NS-DAV,14641271,0100827002113756172404071014641271,HNBR5.0-35-125-P-NS-DAV***14641271***04-07-2024
,5,COOK Medical,Flexor Check-Flo Introducer (Ansel Modification with High-Flex Dilator and Hydrophilic Coating),8.0F-0.035in-55cm,02-14-2025,KCFW-8.0-35-55-RB-HFANL0-HC,14534520,0100827002562332172502141014534520,KCFW-8.0-35-55-RB-HFANL0-HC***14534520***02-14-2025
Miscellaneous,1,Boston Scientific,MDU5 PLUS Sterile Bag,-,05-01-2024,H749MDU5PLUSBAG0,D211378,01087147298422551724050110D211378,H749MDU5PLUSBAG0***D211378***05-01-2024
Miscellaneous,2,Boston Scientific,MDU5 PLUS Sterile Bag,-,01-01-2025,H749MDU5PLUSBAG0,D220098,01087147298422551725010110D220098,H749MDU5PLUSBAG0***D220098***01-01-2025
Wires / Wire Guides,1,COOK Medical,HiWire Hydrophilic Wire Guide (Straight Stiff Shaft),0.035in-150cm,12-05-2024,G36291,71002490,0100827002362918172412051071002490,G36291***71002490***12-05-2024
,4,COOK Medical,Flexor Check-Flo Introducer (Ansel Modification),5.0F-0.018in/0.038in-90cm,06-30-2026,KCFW-5.0-18/38-90-RB-ANL0-HC,15515266,0100827002481893172606301015515266,KCFW-5.0-18/38-90-RB-ANL0-HC***15515266***06-30-2026
,14,COOK Medical,Flexor Check-Flo Introducer (Ansel 1 Modification with High-Flex Dilator and Hydrophilic Coating),6.0F-0.035in-70cm,02-22-2025,KCFW-6.0-35-70-RB-HFANL1-HC,14551633,0100827002562264172502221014551633,KCFW-6.0-35-70-RB-HFANL1-HC***14551633***02-22-2025
,6,COOK Medical,Micropuncture Introducer Set (Silhouette Transitionless),4.0F-7cm-40cm-10cm,07-20-2026,MPIS-402-NT-U-SST,15569421,0100827002562011172607201015569421,MPIS-402-NT-U-SST***15569421***07-20-2026
,6,COOK Medical,Micropuncture Introducer Set (Silhouette Transitionless Push-Plus Design - STIFFENED CANNULA),5.0F-7cm-40cm-10cm,09-26-2025,MPIS-502-10.0-SC-NT-U-SST,14976523,0100827002355514172509261014976523,MPIS-502-10.0-SC-NT-U-SST***14976523***09-26-2025
Wires / Wire Guides,14,COOK Medical,Rosen Curved Wire Guide,0.035in-260cm-1.5mm,05-12-2028,THSCF-35-260-1.5-ROSEN,15436496,0100827002012530172805121015436496,THSCF-35-260-1.5-ROSEN***15436496***05-12-2028
,10,COOK Medical,Micropuncture Introducer Set (Silhouette Transitionless Push-Plus Design - STIFFENED CANNULA),5.0F-7cm-40cm-10cm,07-14-2026,MPIS-502-10.0-SC-NT-U-SST,15558696,0100827002355514172607141015558696,MPIS-502-10.0-SC-NT-U-SST***15558696***07-14-2026
,1,COOK Medical,CXI Support Catheter,4.0F-0.035in-135cm,03-17-2025,CXI-4.0-35-135-P-NS-0,14604808,0100827002525429172503171014604808,CXI-4.0-35-135-P-NS-0***14604808***03-17-2025
Balloons,1,COOK Medical,Advance 35LP (Low Profile PTA Balloon Dilatation Catheter),5F-5mm-14cm,06-26-2026,PTA5-35-135-5-14.0,CINC004387,01108270025226301726062630110CINC004387,PTA5-35-135-5-14.0***CINC004387***06-26-2026
Balloons,1,COOK Medical,Advance 18LP (Low Profile PTA Balloon Dilatation Catheter),4F-3mm-15cm,04-26-2026,PTA4-18-150-3-15,15407838,0110827002309446172604263011015407838,PTA4-18-150-3-15***15407838***04-26-2026
,2,COOK Medical,CXI Support Catheter,2.6F-0.018in-150cm,07-19-2026,CXI-2.6-18-150-0,15566223,0100827002565524172607191015566223,CXI-2.6-18-150-0***15566223***07-19-2026
,1,COOK Medical,CXI Support Catheter,2.3F-0.014in-150cm,04-29-2024,CXI-2.3-14-150-0,13927745,0100827002183735172404291013927745,CXI-2.3-14-150-0***13927745***04-29-2024
,1,COOK Medical,CXI Support Catheter,2.3F-0.014in-150cm,02-26-2024,CXI-2.3-14-150-0,13779591,0100827002183735172402261013779591,CXI-2.3-14-150-0***13779591***02-26-2024
Wires / Wire Guides,5,COOK Medical,Roadrunner Extra Support Wire Guide,0.014in-180cm,08-29-2027,RSTF-14-180,14929643,0100827002087774172708291014929643,RSTF-14-180***14929643***08-29-2027
Wires / Wire Guides,2,COOK Medical,Roadrunner Extra Support Wire Guide,0.014in-300cm,04-19-2027,RSTF-14-300,14679113,0100827002088016172704191014679113,RSTF-14-300***14679113***04-19-2027
Wires / Wire Guides,6,COOK Medical,Roadrunner Extra Support Wire Guide,0.014in-300cm,04-29-2027,RSTF-14-300,14623149,0100827002088016172704291014623149,RSTF-14-300***14623149***04-29-2027
Wires / Wire Guides,2,COOK Medical,Roadrunner Extra Support Wire Guide,0.018in-300cm,10-10-2027,RSTF-18-300,15002675,0100827002076402172710101015002675,RSTF-18-300***15002675***10-10-2027
Wires / Wire Guides,1,COOK Medical,Approach CTO-25 Micro Wire Guide,0.014in-300cm-25G,04-23-2024,CMW-14-300-25G,13808532,0100827002507937172404231013808532,CMW-14-300-25G***13808532***04-23-2024
Wires / Wire Guides,1,COOK Medical,Approach CTO-12 Micro Wire Guide,0.014in-300cm-12G,11-13-2024,CMW-14-300-12G,13673346,0100827002507913172411131013673346,CMW-14-300-12G***13673346***11-13-2024
Wires / Wire Guides,5,COOK Medical,Roadrunner UniGlide Hydrophilic Wire Guide (STANDARD Shaft),0.018in-260cm,04-03-2026,HPWA-18-260,15367695,0100827002304895172604031015367695,HPWA-18-260***15367695***04-03-2026
Wires / Wire Guides,9,COOK Medical,Roadrunner UniGlide Hydrophilic Wire Guide (STANDARD Shaft),0.035in-180cm,03-10-2026,HPWA-35-180,15269434,0100827002561748172603101015269434,HPWA-35-180***15269434***03-10-2026
Wires / Wire Guides,15,COOK Medical,Roadrunner UniGlide Hydrophilic Wire Guide (STANDARD Shaft),0.035in-260cm,06-26-2026,HPWA-35-260,15506532,0110827002304922172606263051015506532,HPWA-35-260***15506532***06-26-2026
Wires / Wire Guides,10,COOK Medical,Roadrunner UniGlide Hydrophilic Wire Guide (STIFF Shaft),0.035in-260cm,05-02-2025,HPWAS-35-260,14594432,0100827002305069172505021014594432,HPWAS-35-260***14594432***05-02-2025
Balloons,1,Medtronic/ev3,RapidCross PTA Rapid Exchange Balloon Dilatation Catheter (4F),2.5mm-20mm,01-27-2025,A14BX025020170,B329839,01007630001107341725012710B329839,A14BX025020170***B329839***01-27-2025
Balloons,1,Medtronic/ev3,RapidCross PTA Rapid Exchange Balloon Dilatation Catheter (4F),2.5mm-40mm,03-13-2025,A14BX025040170,B352881,01007630001107581725031310B352881,A14BX025040170***B352881***03-13-2025
Balloons,1,Medtronic/ev3,RapidCross PTA Rapid Exchange Balloon Dilatation Catheter (4F),2.5mm-60mm,01-11-2025,A14BX025060170,B321605,01007630001107721725011110B321605,A14BX025060170***B321605***01-11-2025
Balloons,1,Medtronic/ev3,RapidCross PTA Rapid Exchange Balloon Dilatation Catheter (4F),2.5mm-80mm,01-31-2025,A14BX025080170,B331498,01007630001107961725013110B331498,A14BX025080170***B331498***01-31-2025
Balloons,1,Medtronic/ev3,RapidCross PTA Rapid Exchange Balloon Dilatation Catheter (4F),2.5mm-100mm,03-27-2025,A14BX025100170,B360026,01007630001108191725032710B360026,A14BX025100170***B360026***03-27-2025
Balloons,1,Medtronic/ev3,RapidCross PTA Rapid Exchange Balloon Dilatation Catheter (4F),2.5mm-120mm,03-13-2025,A14BX025120170,B352775,01007630001108331725031310B352775,A14BX025120170***B352775***03-13-2025
Balloons,1,Medtronic/ev3,RapidCross PTA Rapid Exchange Balloon Dilatation Catheter (4F),(2.5-2.0)mm-210mm,03-08-2025,A14BX025210170,B350370,01007630001108711725030810B350370,A14BX025210170***B350370***03-08-2025
Balloons,1,Medtronic/ev3,RapidCross PTA Rapid Exchange Balloon Dilatation Catheter (4F),3mm-20mm,04-17-2025,A14BX030020170,B370561,01007630001108951725041710B370561,A14BX030020170***B370561***04-17-2025
Balloons,1,Medtronic/ev3,RapidCross PTA Rapid Exchange Balloon Dilatation Catheter (4F),3mm-60mm,03-27-2025,A14BX030060170,B360254,01007630001109321725032710B360254,A14BX030060170***B360254***03-27-2025
Balloons,1,Medtronic/ev3,RapidCross PTA Rapid Exchange Balloon Dilatation Catheter (4F),3mm-80mm,07-19-2025,A14BX030080170,B418912,01007630001109561725071910B418912,A14BX030080170***B418912***07-19-2025
Balloons,1,Medtronic/ev3,RapidCross PTA Rapid Exchange Balloon Dilatation Catheter (4F),3mm-100mm,03-06-2025,A14BX030100170,B349210,01007630001109701725030610B349210,A14BX030100170***B349210***03-06-2025
Balloons,1,Medtronic/ev3,RapidCross PTA Rapid Exchange Balloon Dilatation Catheter (4F),3mm-120mm,03-03-2025,A14BX030120170,B348301,01007630001109941725030310B348301,A14BX030120170***B348301***03-03-2025
Balloons,1,Medtronic/ev3,RapidCross PTA Rapid Exchange Balloon Dilatation Catheter (4F),3.5mm-20mm,04-27-2025,A14BX035020170,B376179,01007630001110521725042710B376179,A14BX035020170***B376179***04-27-2025
Balloons,1,Medtronic/ev3,RapidCross PTA Rapid Exchange Balloon Dilatation Catheter (4F),3.5mm-40mm,02-01-2025,A14BX035040170,B332079,01007630001110761725020110B332079,A14BX035040170***B332079***02-01-2025
Balloons,1,Medtronic/ev3,RapidCross PTA Rapid Exchange Balloon Dilatation Catheter (4F),3.5mm-60mm,06-26-2024,A14BX035060170,B226811,01007630001110901724062610B226811,A14BX035060170***B226811***06-26-2024
Balloons,1,Medtronic/ev3,RapidCross PTA Rapid Exchange Balloon Dilatation Catheter (4F),3.5mm-80mm,07-21-2024,A14BX035080170,B238212,01007630001111131724072110B238212,A14BX035080170***B238212***07-21-2024
Balloons,1,Medtronic/ev3,RapidCross PTA Rapid Exchange Balloon Dilatation Catheter (4F),3.5mm-100mm,08-12-2024,A14BX035100170,B249580,01007630001111371724081210B249580,A14BX035100170***B249580***08-12-2024
Balloons,1,Medtronic/ev3,RapidCross PTA Rapid Exchange Balloon Dilatation Catheter (4F),3.5mm-120mm,03-20-2025,A14BX035120170,B356542,01007630001111511725032010B356542,A14BX035120170***B356542***03-20-2025
Balloons,1,Medtronic/ev3,RapidCross PTA Rapid Exchange Balloon Dilatation Catheter (4F),3.5mm-150mm,04-03-2025,A14BX035150170,B363614,01007630001111751725040310B363614,A14BX035150170***B363614***04-03-2025
Balloons,1,Medtronic/ev3,RapidCross PTA Rapid Exchange Balloon Dilatation Catheter (4F),(3.5-3.0)mm-210mm,04-17-2025,A14BX035210170,B370351,01007630001111991725041710B370351,A14BX035210170***B370351***04-17-2025
Balloons,1,Medtronic/ev3,RapidCross PTA Rapid Exchange Balloon Dilatation Catheter (4F),4mm-20mm,03-11-2026,A14BX040020170,B531234,01007630001112121726031110B531234,A14BX040020170***B531234***03-11-2026
Balloons,1,Medtronic/ev3,RapidCross PTA Rapid Exchange Balloon Dilatation Catheter (4F),4mm-40mm,03-08-2025,A14BX040040170,B350320,01007630001112361725030810B350320,A14BX040040170***B350320***03-08-2025
Balloons,1,Medtronic/ev3,RapidCross PTA Rapid Exchange Balloon Dilatation Catheter (4F),4mm-60mm,07-24-2025,A14BX040060170,B421102,01007630001112501725072410B421102,A14BX040060170***B421102***07-24-2025
Balloons,1,Medtronic/ev3,RapidCross PTA Rapid Exchange Balloon Dilatation Catheter (4F),4mm-80mm,10-12-2025,A14BX040080170,B461457,01007630001112741725101210B461457,A14BX040080170***B461457***10-12-2025
Balloons,1,Medtronic/ev3,RapidCross PTA Rapid Exchange Balloon Dilatation Catheter (4F),4mm-100mm,03-06-2025,A14BX040100170,B349061,01007630001112981725030610B349061,A14BX040100170***B349061***03-06-2025
Miscellaneous,1,COOK Medical,Sphere Inflation Device,-,12-31-2024,CID-20-30-NG,96469A017,0110827002255712172412313011096469A017,CID-20-30-NG***96469A017***12-31-2024
Miscellaneous,1,COOK Medical,Sphere Inflation Device,-,12-31-2024,CID-20-30-NG,96469A018,0110827002255712172412313011096469A018,CID-20-30-NG***96469A018***12-31-2024
Miscellaneous,8,COOK Medical,Sphere Inflation Device,-,11-30-2025,CID-20-30-NG,96469A028,0110827002255712172511303011096469A028,CID-20-30-NG***96469A028***11-30-2025
Balloons,1,Medtronic/ev3,"EverCross PTA Dilatation Catheter (0.035"" OTW)",3mm-40mm-5F,02-24-2025,AB35W03040135,B344636,01006431699732511725022410B344636,AB35W03040135***B344636***02-24-2025
Balloons,1,Medtronic/ev3,"EverCross PTA Dilatation Catheter (0.035"" OTW)",3mm-60mm-5F,03-10-2025,AB35W03060135,B351808,01007630001859231725031010B351808,AB35W03060135***B351808***03-10-2025
Balloons,1,Medtronic/ev3,"EverCross PTA Dilatation Catheter (0.035"" OTW)",3mm-80mm-5F,11-19-2024,AB35W03080135,B301577,01007630001859471724111910B301577,AB35W03080135***B301577***11-19-2024
Balloons,1,Medtronic/ev3,"EverCross PTA Dilatation Catheter (0.035"" OTW)",3mm-100mm-5F,03-07-2025,AB35W03100135,B350175,01006431699733121725030710B350175,AB35W03100135***B350175***03-07-2025
Balloons,1,Medtronic/ev3,"EverCross PTA Dilatation Catheter (0.035"" OTW)",3mm-120mm-5F,03-17-2025,AB35W03120135,B355523,01006431699733361725031710B355523,AB35W03120135***B355523***03-17-2025
Balloons,1,Medtronic/ev3,"EverCross PTA Dilatation Catheter (0.035"" OTW)",3mm-150mm-5F,02-18-2025,AB35W03150135,B341169,01007630001860051725021810B341169,AB35W03150135***B341169***02-18-2025
Balloons,1,Medtronic/ev3,"EverCross PTA Dilatation Catheter (0.035"" OTW)",4mm-60mm-5F,03-16-2025,AB35W04060135,B355100,01007630001861041725031610B355100,AB35W04060135***B355100***03-16-2025
Balloons,1,Medtronic/ev3,"EverCross PTA Dilatation Catheter (0.035"" OTW)",4mm-80mm-5F,03-17-2025,AB35W04080135,B355096,01007630001861281725031710B355096,AB35W04080135***B355096***03-17-2025
Balloons,1,Medtronic/ev3,"EverCross PTA Dilatation Catheter (0.035"" OTW)",4mm-120mm-5F,02-03-2024,AB35W04120135,B155977,01006431699735101724020310B155977,AB35W04120135***B155977***02-03-2024
Balloons,1,Medtronic/ev3,"EverCross PTA Dilatation Catheter (0.035"" OTW)",4mm-150mm-5F,03-07-2025,AB35W04150135,B350130,01006431699735341725030710B350130,AB35W04150135***B350130***03-07-2025
Balloons,1,Medtronic/ev3,"EverCross PTA Dilatation Catheter (0.035"" OTW)",4mm-200mm-5F,03-20-2025,AB35W04200135,B356783,01006431699735581725032010B356783,AB35W04200135***B356783***03-20-2025
Balloons,1,Medtronic/ev3,"EverCross PTA Dilatation Catheter (0.035"" OTW)",4mm-80mm-80cm-5F,11-16-2025,AB35W04080080,B478860,01007630001861111725111610B478860,AB35W04080080***B478860***11-16-2025
Balloons,1,Medtronic/ev3,"EverCross PTA Dilatation Catheter (0.035"" OTW)",5mm-40mm-5F,08-04-2026,AB35W05040135,B606498,01007630001841481726080410B606498,AB35W05040135***B606498***08-04-2026
Balloons,1,Medtronic/ev3,"EverCross PTA Dilatation Catheter (0.035"" OTW)",5mm-100mm-5F,11-08-2025,AB35W05100135,B474922,01007630001842231725110810B474922,AB35W05100135***B474922***11-08-2025
Balloons,1,Medtronic/ev3,"EverCross PTA Dilatation Catheter (0.035"" OTW)",6mm-40mm-5F,05-04-2025,AB35W06040135,B379875,01006431699738791725050410B379875,AB35W06040135***B379875***05-04-2025
Balloons,1,Medtronic/ev3,"EverCross PTA Dilatation Catheter (0.035"" OTW)",6mm-60mm-5F,04-25-2025,AB35W06060135,B375331,01006431699738931725042510B375331,AB35W06060135***B375331***04-25-2025
Balloons,1,Medtronic/ev3,"EverCross PTA Dilatation Catheter (0.035"" OTW)",6mm-80mm-5F,04-08-2025,AB35W06080135,B366538,01006431699739231725040810B366538,AB35W06080135***B366538***04-08-2025
Balloons,1,Medtronic/ev3,"EverCross PTA Dilatation Catheter (0.035"" OTW)",6mm-120mm-5F,03-15-2025,AB35W06120135,B354490,01006431699739781725031510B354490,AB35W06120135***B354490***03-15-2025
Balloons,1,Medtronic/ev3,"EverCross PTA Dilatation Catheter (0.035"" OTW)",6mm-150mm-5F,04-22-2025,AB35W06150135,B373711,01006431699739921725042210B373711,AB35W06150135***B373711***04-22-2025
Balloons,1,Medtronic/ev3,"EverCross PTA Dilatation Catheter (0.035"" OTW)",7mm-40mm-5F,04-08-2025,AB35W07040135,B366807,01006431699740981725040810B366807,AB35W07040135***B366807***04-08-2025
Balloons,1,Medtronic/ev3,"EverCross PTA Dilatation Catheter (0.035"" OTW)",7mm-60mm-6F,02-15-2025,AB35W07060135,B339259,01007630001846291725021510B339259,AB35W07060135***B339259***02-15-2025
Balloons,1,Medtronic/ev3,"EverCross PTA Dilatation Catheter (0.035"" OTW)",7mm-80mm-6F,03-08-2025,AB35W07080135,B350725,01006431699741421725030810B350725,AB35W07080135***B350725***03-08-2025
Balloons,1,Medtronic/ev3,"EverCross PTA Dilatation Catheter (0.035"" OTW)",7mm-100mm-6F,02-28-2025,AB35W07100135,B346114,01006431699741661725022810B346114,AB35W07100135***B346114***02-28-2025
Balloons,1,Medtronic/ev3,"EverCross PTA Dilatation Catheter (0.035"" OTW)",7mm-120mm-6F,03-10-2025,AB35W07120135,B351632,01006431699741801725031010B351632,AB35W07120135***B351632***03-10-2025
Balloons,1,Medtronic/ev3,"EverCross PTA Dilatation Catheter (0.035"" OTW)",7mm-150mm-6F,02-18-2025,AB35W07150135,B341385,01006431699742031725021810B341385,AB35W07150135***B341385***02-18-2025
Balloons,1,Medtronic/ev3,"EverCross PTA Dilatation Catheter (0.035"" OTW)",7mm-150mm-6F,03-29-2025,AB35W07150135,B361801,01006431699742031725032910B361801,AB35W07150135***B361801***03-29-2025
Balloons,1,Medtronic/ev3,"EverCross PTA Dilatation Catheter (0.035"" OTW)",7mm-200mm-6F,02-04-2025,AB35W07200135,B333811,01006431699742271725020410B333811,AB35W07200135***B333811***02-04-2025
Balloons,1,Medtronic/ev3,"EverCross PTA Dilatation Catheter (0.035"" OTW)",8mm-40mm-6F,02-21-2025,AB35W08040135,B342384,01006431699743021725022110B342384,AB35W08040135***B342384***02-21-2025
Balloons,1,Medtronic/ev3,"EverCross PTA Dilatation Catheter (0.035"" OTW)",8mm-60mm-6F,01-30-2025,AB35W08060135,B331132,01006431699743331725013010B331132,AB35W08060135***B331132***01-30-2025
Balloons,1,Medtronic/ev3,"EverCross PTA Dilatation Catheter (0.035"" OTW)",9mm-40mm-6F,02-02-2025,AB35W09040135,B332573,01006431699744181725020210B332573,AB35W09040135***B332573***02-02-2025
Balloons,1,Medtronic/ev3,"EverCross PTA Dilatation Catheter (0.035"" OTW)",9mm-60mm-6F,10-10-2024,AB35W09060135,B279443,01006431699744321724101010B279443,AB35W09060135***B279443***10-10-2024
Balloons,1,Boston Scientific,Coyote Monorail PTA Balloon Dilatation Catheter 4F (014),2mm-100mm,11-14-2024,H74939185201010,28384624,0108714729796787172411141028384624,H74939185201010***28384624***11-14-2024
Balloons,1,Boston Scientific,Coyote Monorail PTA Balloon Dilatation Catheter 4F (014),2mm-150mm,01-18-2025,H74939185201510,28704841,0108714729796800172501181028704841,H74939185201510***28704841***01-18-2025
Balloons,1,Boston Scientific,Coyote Monorail PTA Balloon Dilatation Catheter 4F (014),2mm-220mm,01-19-2025,H74939185202210,28712939,0108714729796817172501191028712939,H74939185202210***28712939***01-19-2025
Balloons,1,Boston Scientific,Coyote Monorail PTA Balloon Dilatation Catheter 4F (014),2.5mm-100mm,02-10-2025,H74939185251010,28851143,0108714729796862172502101028851143,H74939185251010***28851143***02-10-2025
Balloons,1,Boston Scientific,Coyote Monorail PTA Balloon Dilatation Catheter 4F (014),2.5mm-150mm,09-26-2024,H74939185251510,28095316,0108714729796886172409261028095316,H74939185251510***28095316***09-26-2024
Balloons,1,Boston Scientific,Coyote Monorail PTA Balloon Dilatation Catheter 4F (014),2.5mm-220mm,03-13-2025,H74939185252210,29036553,0108714729796893172503131029036553,H74939185252210***29036553***03-13-2025
Balloons,1,Boston Scientific,Coyote Monorail PTA Balloon Dilatation Catheter 4F (014),3mm-100mm,10-05-2024,H74939185301010,28152872,0108714729796282172410051028152872,H74939185301010***28152872***10-05-2024
Balloons,1,Boston Scientific,Coyote Monorail PTA Balloon Dilatation Catheter 4F (014),3mm-150mm,01-30-2025,H74939185301510,28775791,0108714729796947172501301028775791,H74939185301510***28775791***01-30-2025
Balloons,1,Boston Scientific,Coyote Monorail PTA Balloon Dilatation Catheter 4F (014),3mm-220mm,12-21-2024,H74939185302210,28603104,0108714729796961172412211028603104,H74939185302210***28603104***12-21-2024
Balloons,1,Boston Scientific,Coyote Monorail PTA Balloon Dilatation Catheter 4F (014),3.5mm-100mm,08-05-2024,H74939185351010,27790563,0108714729796992172408051027790563,H74939185351010***27790563***08-05-2024
Balloons,1,Boston Scientific,Coyote Monorail PTA Balloon Dilatation Catheter 4F (014),3.5mm-150mm,08-26-2024,H74939185351510,27902139,0108714729797029172408261027902139,H74939185351510***27902139***08-26-2024
Balloons,1,Boston Scientific,Coyote Monorail PTA Balloon Dilatation Catheter 4F (014),3.5mm-220mm,01-05-2025,H74939185352210,28634180,0108714729797036172501051028634180,H74939185352210***28634180***01-05-2025
Balloons,1,Boston Scientific,Coyote Monorail PTA Balloon Dilatation Catheter 4F (014),4mm-100mm,10-11-2024,H74939185401010,28184525,0108714729797067172410111028184525,H74939185401010***28184525***10-11-2024
Balloons,1,Boston Scientific,Coyote Monorail PTA Balloon Dilatation Catheter 4F (014),4mm-150mm,01-19-2025,H74939185401510,28715510,0108714729797098172501191028715510,H74939185401510***28715510***01-19-2025
Balloons,1,Boston Scientific,Coyote Monorail PTA Balloon Dilatation Catheter 4F (014),4mm-220mm,01-19-2025,H74939185402210,28715514,0108714729796404172501191028715514,H74939185402210***28715514***01-19-2025
Stents,2,Medtronic/ev3,"Visi-Pro Balloon-Expandable Peripheral Stent System (0.035"" OTW)",6mm-27mm-135cm-6F,01-15-2025,PXB35-06-27-135,B323736,01006431697876981725011510B323736,PXB35-06-27-135***B323736***01-15-2025
Stents,2,Medtronic/ev3,"Visi-Pro Balloon-Expandable Peripheral Stent System (0.035"" OTW)",6mm-37mm-135cm-6F,12-21-2024,PXB35-06-37-135,B316433,01006431697877111724122110B316433,PXB35-06-37-135***B316433***12-21-2024
Stents,2,Medtronic/ev3,"Visi-Pro Balloon-Expandable Peripheral Stent System (0.035"" OTW)",6mm-57mm-135cm-6F,01-26-2025,PXB35-06-57-135,B329419,01006431697877351725012610B329419,PXB35-06-57-135***B329419***01-26-2025
Stents,1,Medtronic/ev3,"Visi-Pro Balloon-Expandable Peripheral Stent System (0.035"" OTW)",7mm-27mm-135cm-6F,12-13-2024,PXB35-07-27-135,B312105,01006431697877801724121310B312105,PXB35-07-27-135***B312105***12-13-2024
Stents,1,Medtronic/ev3,"Visi-Pro Balloon-Expandable Peripheral Stent System (0.035"" OTW)",7mm-27mm-135cm-6F,03-26-2026,PXB35-07-27-135,B539169,01006431697877801726032610B539169,PXB35-07-27-135***B539169***03-26-2026
Stents,1,Medtronic/ev3,"Visi-Pro Balloon-Expandable Peripheral Stent System (0.035"" OTW)",7mm-37mm-135cm-6F,01-17-2025,PXB35-07-37-135,B324227,01006431697878031725011710B324227,PXB35-07-37-135***B324227***01-17-2025
Stents,1,Medtronic/ev3,"Visi-Pro Balloon-Expandable Peripheral Stent System (0.035"" OTW)",7mm-37mm-135cm-6F,03-30-2026,PXB35-07-37-135,B541152,01006431697878031726033010B541152,PXB35-07-37-135***B541152***03-30-2026
Stents,1,Medtronic/ev3,"Visi-Pro Balloon-Expandable Peripheral Stent System (0.035"" OTW)",7mm-57mm-135cm-6F,01-03-2025,PXB35-07-57-135,B317620,01006431697878271725010310B317620,PXB35-07-57-135***B317620***01-03-2025
Stents,1,Medtronic/ev3,"Visi-Pro Balloon-Expandable Peripheral Stent System (0.035"" OTW)",7mm-57mm-135cm-6F,03-12-2026,PXB35-07-57-135,B531825,01006431697878271726031210B531825,PXB35-07-57-135***B531825***03-12-2026
Stents,2,Medtronic/ev3,"Visi-Pro Balloon-Expandable Peripheral Stent System (0.035"" OTW)",8mm-27mm-135cm-6F,01-28-2025,PXB35-08-27-135,B330436,01006431697878651725012810B330436,PXB35-08-27-135***B330436***01-28-2025
Stents,2,Medtronic/ev3,"Visi-Pro Balloon-Expandable Peripheral Stent System (0.035"" OTW)",8mm-37mm-135cm-6F,02-11-2025,PXB35-08-37-135,B337853,01006431697878891725021110B337853,PXB35-08-37-135***B337853***02-11-2025
Stents,2,Medtronic/ev3,"Visi-Pro Balloon-Expandable Peripheral Stent System (0.035"" OTW)",8mm-57mm-135cm-6F,03-02-2026,PXB35-08-57-135,B526684,01006431697879021726030210B526684,PXB35-08-57-135***B526684***03-02-2026
Stents,2,Medtronic/ev3,"Visi-Pro Balloon-Expandable Peripheral Stent System (0.035"" OTW)",9mm-37mm-80cm-7F,01-13-2025,PXB35-09-37-080,B322757,01006431697879571725011310B322757,PXB35-09-37-080***B322757***01-13-2025
Stents,2,Medtronic/ev3,"Visi-Pro Balloon-Expandable Peripheral Stent System (0.035"" OTW)",9mm-57mm-80cm-7F,10-12-2024,PXB35-09-57-080,B280987,01006431697879711724101210B280987,PXB35-09-57-080***B280987***10-12-2024
Stents,2,Medtronic/ev3,"Visi-Pro Balloon-Expandable Peripheral Stent System (0.035"" OTW)",10mm-37mm-80cm-7F,12-12-2024,PXB35-10-37-080,B311496,01006431697880391724121210B311496,PXB35-10-37-080***B311496***12-12-2024
Stents,2,Medtronic/ev3,"Visi-Pro Balloon-Expandable Peripheral Stent System (0.035"" OTW)",10mm-57mm-80cm-7F,10-11-2024,PXB35-10-57-080,B280544,01006431697880531724101110B280544,PXB35-10-57-080***B280544***10-11-2024
Wires / Wire Guides,30,Boston Scientific,Thruway Long Taper PTA Guide Wire with Silicone Coating,0.014in-300cm,01-31-2026,M001492981,7834288,010871472971719517260131107834288,M001492981***7834288***01-31-2026
Balloons,1,Boston Scientific,Charger PTA Balloon Dilatation Catheter 135cm (035 OTW),4mm-40mm-5F,08-10-2024,H74939206040410,27815515,0108714729804109172408101027815515,H74939206040410***27815515***08-10-2024
Balloons,1,Boston Scientific,Charger PTA Balloon Dilatation Catheter 135cm (035 OTW),4mm-60mm-5F,07-01-2024,H74939206040610,27599651,0108714729825128172407011027599651,H74939206040610***27599651***07-01-2024
Balloons,1,Boston Scientific,Charger PTA Balloon Dilatation Catheter 135cm (035 OTW),4mm-80mm-5F,06-28-2024,H74939206040810,27580471,0108714729804130172406281027580471,H74939206040810***27580471***06-28-2024
Balloons,1,Boston Scientific,Charger PTA Balloon Dilatation Catheter 135cm (035 OTW),4mm-100mm-5F,06-21-2024,H74939206041010,27538125,0108714729804017172406211027538125,H74939206041010***27538125***06-21-2024
Balloons,1,Boston Scientific,Charger PTA Balloon Dilatation Catheter 135cm (035 OTW),4mm-150mm-5F,08-11-2024,H74939206041510,27823352,0108714729804048172408111027823352,H74939206041510***27823352***08-11-2024
Balloons,1,Boston Scientific,Charger PTA Balloon Dilatation Catheter 135cm (035 OTW),4mm-200mm-5F,07-01-2024,H74939206042010,27599666,0108714729804086172407011027599666,H74939206042010***27599666***07-01-2024
Balloons,1,Boston Scientific,Charger PTA Balloon Dilatation Catheter 135cm (035 OTW),5mm-40mm-5F,08-04-2024,H74939206050410,27786119,0108714729804246172408041027786119,H74939206050410***27786119***08-04-2024
Balloons,1,Boston Scientific,Charger PTA Balloon Dilatation Catheter 135cm (035 OTW),5mm-60mm-5F,08-16-2024,H74939206050610,27849698,0108714729825241172408161027849698,H74939206050610***27849698***08-16-2024
Balloons,1,Boston Scientific,Charger PTA Balloon Dilatation Catheter 135cm (035 OTW),5mm-80mm-5F,11-28-2024,H74939206050810,28460417,0108714729804277172411281028460417,H74939206050810***28460417***11-28-2024
Balloons,1,Boston Scientific,Charger PTA Balloon Dilatation Catheter 135cm (035 OTW),5mm-100mm-5F,06-08-2024,H74939206051010,27458840,0108714729804154172406081027458840,H74939206051010***27458840***06-08-2024
Balloons,1,Boston Scientific,Charger PTA Balloon Dilatation Catheter 135cm (035 OTW),5mm-150mm-5F,06-23-2024,H74939206051510,27553867,0108714729804185172406231027553867,H74939206051510***27553867***06-23-2024
Balloons,1,Boston Scientific,Charger PTA Balloon Dilatation Catheter 135cm (035 OTW),5mm-200mm-5F,08-11-2024,H74939206052010,27823371,0108714729804222172408111027823371,H74939206052010***27823371***08-11-2024
Balloons,1,Boston Scientific,Charger PTA Balloon Dilatation Catheter 135cm (035 OTW),6mm-40mm-5F,08-10-2024,H74939206060410,27815540,0108714729804383172408101027815540,H74939206060410***27815540***08-10-2024
Balloons,1,Boston Scientific,Charger PTA Balloon Dilatation Catheter 135cm (035 OTW),6mm-60mm-5F,12-15-2024,H74939206060610,28559853,0108714729825371172412151028559853,H74939206060610***28559853***12-15-2024
Balloons,1,Boston Scientific,Charger PTA Balloon Dilatation Catheter 135cm (035 OTW),6mm-80mm-5F,08-10-2024,H74939206060810,27815554,0108714729804413172408101027815554,H74939206060810***27815554***08-10-2024
Balloons,1,Boston Scientific,Charger PTA Balloon Dilatation Catheter 135cm (035 OTW),6mm-100mm-5F,07-05-2024,H74939206061010,27615328,0108714729804291172407051027615328,H74939206061010***27615328***07-05-2024
Balloons,1,Boston Scientific,Charger PTA Balloon Dilatation Catheter 135cm (035 OTW),6mm-150mm-5F,08-10-2024,H74939206061510,27815567,0108714729804321172408101027815567,H74939206061510***27815567***08-10-2024
Balloons,1,Boston Scientific,Charger PTA Balloon Dilatation Catheter 135cm (035 OTW),6mm-200mm-6F,07-20-2024,H74939206062010,27706926,0108714729804369172407201027706926,H74939206062010***27706926***07-20-2024
Balloons,1,Boston Scientific,Charger PTA Balloon Dilatation Catheter 135cm (035 OTW),7mm-40mm-5F,06-16-2024,H74939206070410,27512395,0108714729804529172406161027512395,H74939206070410***27512395***06-16-2024
Balloons,1,Boston Scientific,Charger PTA Balloon Dilatation Catheter 135cm (035 OTW),7mm-60mm-5F,10-31-2024,H74939206070610,28300865,0108714729825500172410311028300865,H74939206070610***28300865***10-31-2024
Balloons,1,Boston Scientific,Charger PTA Balloon Dilatation Catheter 135cm (035 OTW),7mm-80mm-5F,08-18-2024,H74939206070810,27865379,0108714729804550172408181027865379,H74939206070810***27865379***08-18-2024
Balloons,1,Boston Scientific,Charger PTA Balloon Dilatation Catheter 135cm (035 OTW),7mm-100mm-6F,08-24-2024,H74939206071010,27900917,0108714729804437172408241027900917,H74939206071010***27900917***08-24-2024
Balloons,1,Boston Scientific,Charger PTA Balloon Dilatation Catheter 135cm (035 OTW),7mm-150mm-6F,09-13-2024,H74939206071510,28013604,0108714729804468172409131028013604,H74939206071510***28013604***09-13-2024
Balloons,1,Boston Scientific,Charger PTA Balloon Dilatation Catheter 135cm (035 OTW),7mm-200mm-6F,08-24-2024,H74939206072010,27900921,0108714729804505172408241027900921,H74939206072010***27900921***08-24-2024
Balloons,1,Boston Scientific,Charger PTA Balloon Dilatation Catheter 75cm (035 OTW),5mm-40mm-5F,08-17-2024,H74939206050470,27857705,0108714729804253172408171027857705,H74939206050470***27857705***08-17-2024
Balloons,1,Boston Scientific,Charger PTA Balloon Dilatation Catheter 75cm (035 OTW),6mm-40mm-5F,07-07-2024,H74939206060470,27630595,0108714729804390172407071027630595,H74939206060470***27630595***07-07-2024
Balloons,1,Boston Scientific,Charger PTA Balloon Dilatation Catheter 75cm (035 OTW),7mm-40mm-5F,07-20-2024,H74939206070470,27706956,0108714729804536172407201027706956,H74939206070470***27706956***07-20-2024
Balloons,1,Boston Scientific,Charger PTA Balloon Dilatation Catheter 75cm (035 OTW),8mm-40mm-6F,08-22-2024,H74939206080470,27885208,0108714729804673172408221027885208,H74939206080470***27885208***08-22-2024
Balloons,1,Boston Scientific,Charger PTA Balloon Dilatation Catheter 75cm (035 OTW),9mm-40mm-6F,08-05-2024,H74939206090470,27789820,0108714729804758172408051027789820,H74939206090470***27789820***08-05-2024
Balloons,1,Boston Scientific,Charger PTA Balloon Dilatation Catheter 75cm (035 OTW),10mm-40mm-6F,08-12-2024,H74939206100470,27830687,0108714729803799172408121027830687,H74939206100470***27830687***08-12-2024
,5,Boston Scientific,AngioJet AVX (OTW) Thrombectomy Set,50cm-6F,09-16-2024,105039-001,31084256,0108714729889045172409161031084256,105039-001***31084256***09-16-2024
,1,Boston Scientific,AngioJet Solent Omni (OTW) Thrombectomy Set,120cm-6F,01-11-2024,109681-001,28998410,0108714729889663172401111028998410,109681-001***28998410***01-11-2024
,1,Boston Scientific,AngioJet Solent Omni (OTW) Thrombectomy Set,120cm-6F,03-20-2024,109681-001,29365692,0108714729889663172403201029365692,109681-001***29365692***03-20-2024
,1,Boston Scientific,AngioJet Solent Dista (OTW) Thrombectomy Set,145cm-4F,01-29-2024,111303-001,29068556,0108714729889731172401291029068556,111303-001***29068556***01-29-2024
,1,Boston Scientific,AngioJet Solent Dista (OTW) Thrombectomy Set,145cm-4F,02-07-2024,111303-001,29130324,0108714729889731172402071029130324,111303-001***29130324***02-07-2024
Stents,1,Boston Scientific,Innova Vascular (OTW) Self-Expanding Stent System (035),5mm-80mm,11-01-2026,H74939293058030,28309663,0108714729873921172611011028309663,H74939293058030***28309663***11-01-2026
Stents,1,Boston Scientific,Innova Vascular (OTW) Self-Expanding Stent System (035),5mm-100mm,12-19-2026,H74939293051030,28585529,0108714729873938172612191028585529,H74939293051030***28585529***12-19-2026
Stents,1,Boston Scientific,Innova Vascular (OTW) Self-Expanding Stent System (035),5mm-120mm,12-05-2026,H74939293051230,28506001,0108714729873945172612051028506001,H74939293051230***28506001***12-05-2026
Stents,1,Boston Scientific,Innova Vascular (OTW) Self-Expanding Stent System (035),5mm-150mm,01-23-2027,H74939293051530,28731779,0108714729873952172701231028731779,H74939293051530***28731779***01-23-2027
Stents,1,Boston Scientific,Innova Vascular (OTW) Self-Expanding Stent System (035),6mm-80mm,06-01-2027,H74939293068030,29515777,0108714729874010172706011029515777,H74939293068030***29515777***06-01-2027
Stents,1,Boston Scientific,Innova Vascular (OTW) Self-Expanding Stent System (035),6mm-100mm,12-20-2026,H74939293061030,28592571,0108714729874027172612201028592571,H74939293061030***28592571***12-20-2026
Stents,1,Boston Scientific,Innova Vascular (OTW) Self-Expanding Stent System (035),6mm-100mm,05-08-2027,H74939293061030,29360003,0108714729874027172705081029360003,H74939293061030***29360003***05-08-2027
Stents,1,Boston Scientific,Innova Vascular (OTW) Self-Expanding Stent System (035),6mm-120mm,12-12-2026,H74939293061230,28544849,0108714729874034172612121028544849,H74939293061230***28544849***12-12-2026
Stents,2,Boston Scientific,Innova Vascular (OTW) Self-Expanding Stent System (035),6mm-120mm,05-02-2027,H74939293061230,29294653,0108714729874034172705021029294653,H74939293061230***29294653***05-02-2027
Stents,1,Boston Scientific,Innova Vascular (OTW) Self-Expanding Stent System (035),6mm-150mm,01-27-2027,H74939293061530,28770193,0108714729874041172701271028770193,H74939293061530***28770193***01-27-2027
Stents,1,Boston Scientific,Innova Vascular (OTW) Self-Expanding Stent System (035),7mm-100mm,10-26-2024,H74939293071030,29136587,0108714729874119172410261029136587,H74939293071030***29136587***10-26-2024
Stents,1,Boston Scientific,Innova Vascular (OTW) Self-Expanding Stent System (035),7mm-150mm,01-17-2027,H74939293071530,28696845,0108714729874133172701171028696845,H74939293071530***28696845***01-17-2027
Stents,1,Boston Scientific,Innova Vascular (OTW) Self-Expanding Stent System (035),8mm-20mm,10-25-2026,H74939293080230,28260619,0108714729874164172610251028260619,H74939293080230***28260619***10-25-2026
Stents,1,Boston Scientific,Innova Vascular (OTW) Self-Expanding Stent System (035),8mm-40mm,12-02-2026,H74939293084030,28492476,0108714729874171172612021028492476,H74939293084030***28492476***12-02-2026
Stents,1,Boston Scientific,Innova Vascular (OTW) Self-Expanding Stent System (035),8mm-60mm,11-01-2026,H74939293086030,28309652,0108714729874188172611011028309652,H74939293086030***28309652***11-01-2026
Stents,2,Boston Scientific,Express LD Iliac/Biliary (OTW) Premounted Stent System (035),7mm-37mm-6F,10-21-2024,H74938046740750,28250864,0108714729392217172410211028250864,H74938046740750***28250864***10-21-2024
Stents,2,Boston Scientific,Express LD Iliac/Biliary (OTW) Premounted Stent System (035),7mm-57mm-6F,10-27-2024,H74938046760750,28288306,0108714729392231172410271028288306,H74938046760750***28288306***10-27-2024
Stents,2,Boston Scientific,Express LD Iliac/Biliary (OTW) Premounted Stent System (035),8mm-37mm-6F,10-27-2024,H74938046840750,28283756,0108714729392279172410271028283756,H74938046840750***28283756***10-27-2024
Stents,2,Boston Scientific,Express LD Iliac/Biliary (OTW) Premounted Stent System (035),8mm-57mm-7F,10-04-2024,H74938046860750,28146914,0108714729392293172410041028146914,H74938046860750***28146914***10-04-2024
Stents,2,Boston Scientific,Express LD Iliac/Biliary (OTW) Premounted Stent System (035),9mm-37mm-7F,11-07-2024,H74938046940750,28350923,0108714729392330172411071028350923,H74938046940750***28350923***11-07-2024
Stents,2,Boston Scientific,Express LD Iliac/Biliary (OTW) Premounted Stent System (035),9mm-57mm-7F,11-08-2024,H74938046960750,28354933,0108714729392354172411081028354933,H74938046960750***28354933***11-08-2024
Stents,1,Boston Scientific,Express SD Renal/Biliary (Monorail) Premounted Stent System 5F (018),4mm-15mm,01-11-2025,H74937911415150,28668772,0108714729390374172501111028668772,H74937911415150***28668772***01-11-2025
Stents,1,Boston Scientific,Express SD Renal/Biliary (Monorail) Premounted Stent System 5F (018),5mm-15mm,01-17-2025,H74937911515150,28700483,0108714729390398172501171028700483,H74937911515150***28700483***01-17-2025
Stents,1,Boston Scientific,Express SD Renal/Biliary (Monorail) Premounted Stent System 5F (018),5mm-19mm,01-18-2025,H74937912519150,28704854,0108714729390473172501181028704854,H74937912519150***28704854***01-18-2025
Stents,1,Boston Scientific,Express SD Renal/Biliary (Monorail) Premounted Stent System 5F (018),6mm-14mm,12-26-2024,H74937911614150,28608735,0108714729484820172412261028608735,H74937911614150***28608735***12-26-2024
Stents,1,Boston Scientific,Express SD Renal/Biliary (Monorail) Premounted Stent System 5F (018),6mm-18mm,12-26-2024,H74937912618150,28608732,0108714729484844172412261028608732,H74937912618150***28608732***12-26-2024
Miscellaneous,8,COOK Medical,Tuohy-Borst Side-Arm Adapter,".118in , 300 PSI",02-13-2028,PTBYC-RA,15221370,0100827002062993172802131015221370,PTBYC-RA***15221370***02-13-2028
Miscellaneous,9,COOK Medical,"Olcott Torque Device (Accepts 0.014"" - 0.045"" Diameter Wire Guide)",-,03-01-2027,OTD-100,14568453,0100827002138117172703011014568453,OTD-100***14568453***03-01-2027
Miscellaneous,9,COOK Medical,CheckFlo Homeostasis Assembly,9F,02-10-2025,CFM-100,14529884,0100827002060029172502101014529884,CFM-100***14529884***02-10-2025
Miscellaneous,6,COOK Medical,Plastic 3-Way Stopcock,-,03-15-2027,PTWS-2FLL-MLL-R,14600656,0100827002002197172703151014600656,PTWS-2FLL-MLL-R***14600656***03-15-2027
Closure Devices,2,Medtronic/ev3,Superficial Venous Procedure Pack,-,10-31-2025,CFP,22JMG447,0110193489783872172510311022JMG447,CFP***22JMG447***10-31-2025
Closure Devices,22,Medtronic/ev3,Superficial Venous Procedure Pack,-,01-31-2025,CFP,22IMH317,0110193489783872172501311022IMH317,CFP***22IMH317***01-31-2025
Closure Devices,1,Covidien,ClosureFast Micro Introducer Sheath Set,7F-7cm,11-07-2027,MIS-7F07,11448595,0110884521140295172711071011448595,MIS-7F07***11448595***11-07-2027
Closure Devices,10,Covidien,ClosureFast Micro Introducer Sheath Set,7F-7cm,11-23-2027,MIS-7F07,11451895,0110884521140295172711231011451895,MIS-7F07***11451895***11-23-2027
Closure Devices,4,Covidien,ClosureFast Micro Introducer Sheath Set,7F-7cm,11-16-2027,MIS-7F07,11449663,0110884521140295172711161011449663,MIS-7F07***11449663***11-16-2027
Closure Devices,9,Covidien,ClosureFast Micro Introducer Sheath Set,7F-7cm,11-16-2027,MIS-7F07,11449664,0110884521140295172711161011449664,MIS-7F07***11449664***11-16-2027
Closure Devices,5,Medtronic/ev3,ClosureFast Endovenous Radiofrequency Ablation (RFA) Catheter,7F-3cm-60cm,10-31-2024,CF7-3-60,223180202,01006431698629441724103110223180202,CF7-3-60***223180202***10-31-2024
Closure Devices,10,Medtronic/ev3,ClosureFast Endovenous Radiofrequency Ablation (RFA) Catheter,7F-7cm-60cm,10-31-2024,CF7-7-60,223180194,01006431698629681724103110223180194,CF7-7-60***223180194***10-31-2024
Closure Devices,8,Medtronic/ev3,ClosureFast Endovenous Radiofrequency Ablation (RFA) Catheter,7F-7cm-100cm,10-31-2024,CF7-7-100,223060006,01006431698629821724103110223060006,CF7-7-100***223060006***10-31-2024
Closure Devices,1,Medtronic/ev3,VenaSeal Closure System,-,12-31-2024,VS-404,70474,0100763000240776172412311070474,VS-404***70474***12-31-2024
,1,HK Surgical,Klein Infiltration Set (Single Spike),-,01-29-2024,ITS-10,61759574,01108169890200931121012917240129100061759574,ITS-10***61759574***01-29-2024
,1,HK Surgical,Klein Infiltration Set (Single Spike),-,06-02-2024,ITS-10,61765596,01108169890200931121060217240602100061765596,ITS-10***61765596***06-02-2024
Closure Devices,2,Covidien,ClosureFast Tumescent Infiltration Kit,-,11-20-2026,TIK-01,11397198,0110884521140400172611201011397198,TIK-01***11397198***11-20-2026
Closure Devices,5,Covidien,ClosureFast Tumescent Infiltration Kit,-,04-13-2028,TIK-01,11474324,0110884521140400172804131011474324,TIK-01***11474324***04-13-2028
,10,HK Surgical,Klein Infiltration Set (Single Spike),-,09-19-2025,ITS-10,61808089,01108169890200931122091917250919100061808089,ITS-10***61808089***09-19-2025
Closure Devices,8,Abbott,StarClose SE Vascular Closure System,6F,10-01-2024,14679-01,2111741,Various_Barcodes,14679-01***2111741***10-01-2024
Closure Devices,9,Abbott,Perclose ProGlide Suture-Mediated Closure System,6F,12-31-2024,12673-03,3022341,Various_Barcodes,12673-03***3022341***12-31-2024
